-- 基于大语言模型的智能新闻摘要与协同互动系统
-- DB2：基础种子数据
-- 说明：仅用于本地开发与联调演示，不包含真实新闻爬取数据。

USE `llm_news_system`;

SET FOREIGN_KEY_CHECKS = 0;

TRUNCATE TABLE `event_timeline`;
TRUNCATE TABLE `hot_topic`;
TRUNCATE TABLE `browse_history`;
TRUNCATE TABLE `favorite`;
TRUNCATE TABLE `user_like`;
TRUNCATE TABLE `news_comment`;
TRUNCATE TABLE `news`;
TRUNCATE TABLE `news_topic`;
TRUNCATE TABLE `news_category`;
TRUNCATE TABLE `user`;

INSERT INTO `user` (`id`, `username`, `password`, `nickname`, `avatar`, `role`, `status`, `bio`, `create_time`, `update_time`) VALUES
(1, 'user', '123456', '普通用户', '', 'user', 1, '新闻资讯普通读者', '2026-06-24 09:00:00', '2026-06-24 09:00:00'),
(2, 'editor', '123456', '审核编辑', '', 'editor', 1, '负责内容审核与编辑', '2026-06-24 09:00:00', '2026-06-24 09:00:00'),
(3, 'admin', '123456', '系统管理员', '', 'admin', 1, '平台管理员', '2026-06-24 09:00:00', '2026-06-24 09:00:00');

INSERT INTO `news_category` (`id`, `name`, `code`, `sort`, `status`, `create_time`, `update_time`) VALUES
(1, '推荐', 'recommend', 1, 1, '2026-06-24 09:00:00', '2026-06-24 09:00:00'),
(2, '时政', 'politics', 2, 1, '2026-06-24 09:00:00', '2026-06-24 09:00:00'),
(3, '社会', 'society', 3, 1, '2026-06-24 09:00:00', '2026-06-24 09:00:00'),
(4, '财经', 'finance', 4, 1, '2026-06-24 09:00:00', '2026-06-24 09:00:00'),
(5, '科技', 'technology', 5, 1, '2026-06-24 09:00:00', '2026-06-24 09:00:00'),
(6, '体育', 'sports', 6, 1, '2026-06-24 09:00:00', '2026-06-24 09:00:00'),
(7, '娱乐', 'entertainment', 7, 1, '2026-06-24 09:00:00', '2026-06-24 09:00:00'),
(8, '国际', 'world', 8, 1, '2026-06-24 09:00:00', '2026-06-24 09:00:00');

INSERT INTO `news_topic` (`id`, `topic_name`, `keyword_list`, `heat_score`, `summary`, `status`, `create_time`, `update_time`) VALUES
(1, '人工智能技术发展', '["人工智能","大模型","算力","智能应用"]', 980, '围绕大模型、算力基础设施与行业应用展开的技术发展话题。', 1, '2026-06-24 09:00:00', '2026-06-24 09:00:00'),
(2, '低空经济与无人机产业', '["低空经济","无人机","航空","产业园"]', 860, '聚焦低空经济政策、无人机应用场景与产业链协同推进。', 1, '2026-06-24 09:00:00', '2026-06-24 09:00:00'),
(3, '新能源汽车与智能交通', '["新能源汽车","智能驾驶","充电设施","交通"]', 920, '关注新能源汽车普及、智能驾驶演进与城市交通升级。', 1, '2026-06-24 09:00:00', '2026-06-24 09:00:00');

INSERT INTO `news` (`id`, `title`, `summary`, `content`, `cover_image`, `category_id`, `topic_id`, `source`, `author`, `publish_time`, `view_count`, `like_count`, `comment_count`, `favorite_count`, `status`, `tags`, `create_time`, `update_time`) VALUES
(1, '我国人工智能基础设施建设持续加速，大模型应用场景不断拓展', '随着算力基础设施和行业模型持续完善，我国人工智能应用正从试点走向规模化落地，多个产业场景迎来新的发展机遇。', '近日，多地围绕人工智能基础设施建设发布新进展，算力调度平台、行业大模型和智能终端协同能力持续提升。业内人士指出，随着数据治理、模型推理效率和边缘计算能力不断优化，人工智能正从单点应用迈向系统化部署。在教育、医疗、制造和内容创作等领域，相关应用已经开始呈现规模化趋势。专家认为，未来一段时间内，行业模型与通用大模型的结合将成为推动产业智能化升级的重要路径。与此同时，如何平衡技术创新、数据安全与应用落地，也成为企业和研究机构共同关注的重点。', '', 5, 1, '新华社', '记者张明', '2026-06-20 08:30:00', 5600, 320, 18, 110, 1, '["人工智能","大模型","算力"]', '2026-06-24 09:00:00', '2026-06-24 09:00:00'),
(2, '多地推进智能算力中心建设，支撑大模型训练和推理需求', '面向大模型训练和推理需求，多地持续推进智能算力中心与绿色数据中心建设，强化算力资源统筹供给。', '为更好支撑人工智能产业发展，多个城市近期密集推进智能算力中心建设。相关项目重点围绕高效机房、液冷系统、算网协同调度等方向展开，以提高算力资源的使用效率。业内分析认为，算力基础设施的完善有助于降低大模型训练门槛，也有助于推动中小企业在客服、办公、推荐系统等场景中更快接入人工智能能力。随着绿色能源和智能调度技术的引入，算力中心的能效水平正在稳步提升。未来，算力、数据和算法将继续构成人工智能产业链发展的核心支撑。', '', 5, 1, '科技日报', '记者李晨', '2026-06-21 09:45:00', 4820, 260, 15, 96, 1, '["算力","大模型","基础设施"]', '2026-06-24 09:00:00', '2026-06-24 09:00:00'),
(3, '低空经济示范区新增多条无人机物流航线', '多地低空经济示范区持续扩容，无人机物流、巡检和应急配送等应用场景不断增加，产业发展进入快车道。', '在低空经济发展政策支持下，多个示范区近期新增无人机物流航线，用于园区配送、医疗物资转运和应急备件投递等场景。项目运营方介绍，相关航线在空域审批、航线规划和安全监测方面进行了充分测试，能够满足日常高频运行需求。专家指出，低空经济与物流、制造、城市治理等产业结合度高，未来有望形成新的增长点。随着配套基础设施逐步完善，低空飞行器的标准化管理和服务网络也将持续优化。', '', 3, 2, '经济观察报', '记者周航', '2026-06-20 10:15:00', 4380, 210, 12, 88, 1, '["低空经济","无人机","物流"]', '2026-06-24 09:00:00', '2026-06-24 09:00:00'),
(4, '新一代无人机巡检系统提升城市治理效率', '城市治理中，无人机巡检系统在道路、河道和园区巡查方面的使用频率持续提升，帮助管理部门更快发现问题。', '随着低空经济应用场景不断落地，新一代无人机巡检系统正在多个城市投入使用。系统能够结合图像识别、边缘计算和自动航线规划，对道路破损、河道漂浮物和园区安全隐患进行快速识别。管理部门表示，这类系统有效提升了巡查效率，也减少了人工重复劳动。业内人士认为，未来无人机巡检将与城市数字化治理平台进一步融合，在应急响应、环境监测和设施运维等方向发挥更大作用。', '', 3, 2, '新华社', '记者刘悦', '2026-06-21 11:20:00', 3910, 180, 10, 74, 1, '["无人机","城市治理","巡检"]', '2026-06-24 09:00:00', '2026-06-24 09:00:00'),
(5, '新能源汽车充电设施持续完善，城市补能网络加速成型', '随着新能源汽车保有量增加，公共充电站、快充设施和换电网络建设继续推进，城市补能体验逐步改善。', '近期，多地继续加快新能源汽车补能网络建设，公共充电桩、超充站和换电设施布局进一步优化。相关部门表示，提升充电便利性是推动新能源汽车消费的重要环节，也是完善城市交通绿色转型的基础工作。业内观点认为，随着智能调度、移动充电和车网互动等技术逐步成熟，新能源车主的补能体验将持续改善。与此同时，电池安全、充电效率和区域覆盖仍是行业关注的重点，未来还需要在标准统一和协同调度方面进一步发力。', '', 4, 3, '中国证券报', '记者陈雨', '2026-06-20 08:50:00', 6120, 380, 22, 144, 1, '["新能源汽车","充电设施","绿色出行"]', '2026-06-24 09:00:00', '2026-06-24 09:00:00'),
(6, '智能驾驶示范应用扩大，车路协同基础持续夯实', '多地推进智能驾驶示范应用，道路测试、车路协同和智能交通信号系统建设取得新进展。', '在新能源汽车加速普及的背景下，智能驾驶示范应用范围持续扩大。多地围绕车路协同、道路感知和信号联动开展试点，推动智能交通基础设施不断升级。业内人士表示，智能驾驶的发展不仅依赖车辆硬件与算法能力，也需要道路侧、通信侧与城市管理平台共同协同。随着充电设施和智能交通系统逐步成网，新能源汽车与城市交通的融合程度将进一步提升。', '', 2, 3, '第一财经', '记者王静', '2026-06-21 14:10:00', 5280, 290, 19, 132, 1, '["智能驾驶","智能交通","车路协同"]', '2026-06-24 09:00:00', '2026-06-24 09:00:00'),
(7, '全国消费市场延续稳步恢复态势，文旅与餐饮需求释放', '随着假期消费和文旅活动增加，线下餐饮、商圈与旅游市场延续稳步恢复态势，服务消费表现活跃。', '近期，多地消费市场持续回暖，商圈客流、餐饮预订和文旅活动参与度较前期进一步提升。业内分析指出，消费恢复不仅体现在传统商品消费，也体现在服务消费与体验消费的增长上。地方政府围绕夜间经济、特色街区和文旅融合推出系列措施，带动消费场景更为丰富。市场人士表示，后续仍需进一步释放居民消费潜力，同时提升高品质服务供给，推动消费结构持续优化。', '', 8, 1, '经济日报', '记者孙宁', '2026-06-22 09:00:00', 3200, 145, 8, 68, 1, '["消费","文旅","餐饮"]', '2026-06-24 09:00:00', '2026-06-24 09:00:00'),
(8, '国际科技合作会议在多国代表见证下达成多项共识', '国际科技合作会议围绕人工智能、绿色能源和创新人才培养等议题展开深入交流，并形成多项合作共识。', '在本周举行的国际科技合作会议上，来自多个国家和地区的代表就人工智能治理、绿色能源技术和创新人才培养等议题进行了深入讨论。会议认为，跨国科研合作有助于推动基础研究成果共享，也能加快先进技术在民生与产业场景中的应用。与会代表普遍表示，开放合作、互利共赢仍是未来科技交流的重要方向。会议期间还发布了若干合作项目清单，涵盖联合实验室、青年学者交流和技术转化等内容。', '', 8, 1, '中国日报', '记者林浩', '2026-06-22 15:30:00', 2740, 120, 6, 49, 1, '["国际合作","科技交流","绿色能源"]', '2026-06-24 09:00:00', '2026-06-24 09:00:00'),
(9, '上海推动人工智能产业集群协同发展，创新应用加速落地', '上海围绕人工智能产业链、创新平台与应用场景同步推进，进一步提升产业集聚效应与协同创新能力。', '上海近期持续推动人工智能产业集群协同发展，围绕模型训练、数据服务、行业应用和人才培养等方向展开布局。相关园区与企业通过联合创新平台加强合作，推动技术成果在金融、制造和城市治理等领域落地。业内人士指出，随着生态逐渐完善，人工智能产业已从单点突破走向链条协同，未来将更加注重应用场景与基础能力的双向驱动。', '', 5, 1, '解放日报', '记者何婧', '2026-06-23 09:20:00', 4980, 270, 17, 101, 1, '["人工智能","应用落地","产业集群"]', '2026-06-24 09:00:00', '2026-06-24 09:00:00'),
(10, '杭州无人机配送试点扩容，末端物流效率进一步提升', '无人机配送在杭州部分园区和社区继续扩容，末端物流配送效率和服务半径均得到进一步提升。', '杭州近期扩大无人机配送试点范围，在园区配送、社区末端服务和应急物资投送方面继续探索新模式。运营企业表示，相关试点在飞行安全、路线规划和智能调度方面已形成较为成熟的运行机制。业内认为，低空经济的发展不仅有助于提升物流效率，也会带动相关制造、软件和运营服务协同成长。未来，随着空域管理和基础设施建设进一步完善，无人机配送有望在更多城市场景中落地。', '', 3, 2, '杭州日报', '记者赵琳', '2026-06-23 10:10:00', 3520, 165, 9, 70, 1, '["无人机","物流","园区配送"]', '2026-06-24 09:00:00', '2026-06-24 09:00:00'),
(11, '广州车展预热，新能源汽车新品集中亮相', '随着车展临近，新能源汽车品牌集中发布新车型，智能座舱与辅助驾驶配置成为关注重点。', '广州车展前夕，多家新能源汽车品牌集中发布新车型，智能座舱、辅助驾驶和快充能力成为产品亮点。业内人士指出，当前新能源车市场竞争逐渐进入体验和生态比拼阶段，补能效率、智能交互与整车安全性成为用户关注的重要维度。与此同时，车企围绕车路协同和智能交通合作也在持续推进，相关应用有望进一步推动城市出行方式升级。', '', 4, 3, '南方日报', '记者陈思', '2026-06-23 14:00:00', 5840, 340, 21, 130, 1, '["新能源汽车","车展","智能驾驶"]', '2026-06-24 09:00:00', '2026-06-24 09:00:00'),
(12, '多地文体活动带动周末客流，体育消费热度上升', '体育赛事、文旅演出和城市嘉年华活动共同带动周末客流增长，体育消费与线下体验持续升温。', '随着多地文体活动密集开展，周末客流和体育消费热度持续上升。相关场馆和商圈推出联动优惠，吸引市民参与赛事观赛、健身体验和亲子活动。业内观察认为，体育消费正逐步从单一赛事观看向综合体验转变，与文旅、餐饮和零售场景的联动越来越紧密。未来，随着公共体育设施和多元活动供给的完善，体育消费市场仍有较大增长空间。', '', 6, 1, '人民网', '记者唐敏', '2026-06-23 18:20:00', 2750, 98, 5, 31, 1, '["体育消费","赛事活动","周末经济"]', '2026-06-24 09:00:00', '2026-06-24 09:00:00');

INSERT INTO `news_comment` (`id`, `news_id`, `user_id`, `parent_id`, `content`, `like_count`, `status`, `create_time`, `update_time`) VALUES
(1, 1, 1, NULL, '这篇报道把人工智能基础设施的发展讲得很清楚，期待后续能看到更多行业落地案例。', 6, 1, '2026-06-24 10:00:00', '2026-06-24 10:00:00'),
(2, 1, 2, 1, '确实，算力和应用场景一起推进，整个产业链才更完整。', 3, 1, '2026-06-24 10:10:00', '2026-06-24 10:10:00'),
(3, 2, 1, NULL, '智能算力中心建设很关键，希望能兼顾绿色节能和成本控制。', 4, 1, '2026-06-24 10:20:00', '2026-06-24 10:20:00'),
(4, 3, 3, NULL, '低空经济的应用场景越来越多了，物流配送是最直观的一个方向。', 5, 1, '2026-06-24 10:30:00', '2026-06-24 10:30:00'),
(5, 3, 1, 4, '是的，而且后续如果能把安全管理和空域调度做得更细，推广会更顺利。', 2, 1, '2026-06-24 10:35:00', '2026-06-24 10:35:00'),
(6, 5, 2, NULL, '充电设施越来越方便，新能源车的使用门槛确实在降低。', 7, 1, '2026-06-24 10:40:00', '2026-06-24 10:40:00'),
(7, 5, 1, 6, '对，补能体验改善后，身边考虑换新能源车的人也变多了。', 1, 1, '2026-06-24 10:45:00', '2026-06-24 10:45:00'),
(8, 6, 3, NULL, '智能驾驶试点扩大后，城市通勤效率应该会进一步提升。', 3, 1, '2026-06-24 10:50:00', '2026-06-24 10:50:00'),
(9, 9, 1, NULL, '产业集群协同很重要，单靠一家企业很难把生态做完整。', 2, 1, '2026-06-24 11:00:00', '2026-06-24 11:00:00'),
(10, 11, 2, NULL, '车展前的预热信息很多，辅助驾驶和充电效率确实是大家最关心的。', 1, 1, '2026-06-24 11:10:00', '2026-06-24 11:10:00');

INSERT INTO `user_like` (`id`, `user_id`, `target_id`, `target_type`, `create_time`) VALUES
(1, 1, 1, 'news', '2026-06-24 11:20:00'),
(2, 1, 3, 'news', '2026-06-24 11:21:00'),
(3, 2, 2, 'news', '2026-06-24 11:22:00'),
(4, 3, 5, 'news', '2026-06-24 11:23:00'),
(5, 1, 1, 'news_comment', '2026-06-24 11:24:00'),
(6, 2, 3, 'news_comment', '2026-06-24 11:25:00'),
(7, 3, 5, 'news_comment', '2026-06-24 11:26:00');

INSERT INTO `favorite` (`id`, `user_id`, `target_id`, `target_type`, `create_time`) VALUES
(1, 1, 1, 'news', '2026-06-24 11:30:00'),
(2, 1, 5, 'news', '2026-06-24 11:31:00'),
(3, 2, 3, 'news', '2026-06-24 11:32:00'),
(4, 3, 9, 'news', '2026-06-24 11:33:00');

INSERT INTO `browse_history` (`id`, `user_id`, `news_id`, `browse_time`, `create_time`) VALUES
(1, 1, 1, '2026-06-24 12:00:00', '2026-06-24 12:00:00'),
(2, 1, 3, '2026-06-24 12:05:00', '2026-06-24 12:05:00'),
(3, 1, 5, '2026-06-24 12:10:00', '2026-06-24 12:10:00'),
(4, 1, 9, '2026-06-24 12:15:00', '2026-06-24 12:15:00'),
(5, 1, 11, '2026-06-24 12:20:00', '2026-06-24 12:20:00');

INSERT INTO `hot_topic` (`id`, `title`, `target_type`, `target_id`, `heat_score`, `rank_no`, `tag`, `update_time`, `create_time`) VALUES
(1, '人工智能技术发展', 'news_topic', 1, 980, 1, 'AI', '2026-06-24 12:30:00', '2026-06-24 12:30:00'),
(2, '新能源汽车与智能交通', 'news_topic', 3, 920, 2, '新能源', '2026-06-24 12:31:00', '2026-06-24 12:31:00'),
(3, '低空经济与无人机产业', 'news_topic', 2, 860, 3, '低空经济', '2026-06-24 12:32:00', '2026-06-24 12:32:00'),
(4, '全国消费市场稳步恢复', 'news', 7, 760, 4, '消费', '2026-06-24 12:33:00', '2026-06-24 12:33:00'),
(5, '国际科技合作会议达成多项共识', 'news', 8, 720, 5, '国际', '2026-06-24 12:34:00', '2026-06-24 12:34:00'),
(6, '广州车展新能源新品亮相', 'news', 11, 690, 6, '车展', '2026-06-24 12:35:00', '2026-06-24 12:35:00');

INSERT INTO `event_timeline` (`id`, `topic_id`, `timeline_json`, `source_news_ids`, `generate_status`, `generated_at`, `updated_at`) VALUES
(1, 1,
 '[
   {
     "event_id": 1,
     "event_time": "2026-06-20 08:30:00",
     "event_title": "算力基础设施持续升级",
     "event_summary": "多地围绕智能算力中心和绿色数据中心建设展开部署。",
     "source_news_id": 1,
     "source_title": "我国人工智能基础设施建设持续加速，大模型应用场景不断拓展",
     "source_name": "新华社"
   },
   {
     "event_id": 2,
     "event_time": "2026-06-21 09:45:00",
     "event_title": "智能算力中心项目加速落地",
     "event_summary": "更多城市开始推进高效机房、液冷系统和算网协同调度。",
     "source_news_id": 2,
     "source_title": "多地推进智能算力中心建设，支撑大模型训练和推理需求",
     "source_name": "科技日报"
   },
   {
     "event_id": 3,
     "event_time": "2026-06-23 09:20:00",
     "event_title": "人工智能产业集群协同推进",
     "event_summary": "产业园区与企业联合创新平台推动人工智能应用进一步落地。",
     "source_news_id": 9,
     "source_title": "上海推动人工智能产业集群协同发展，创新应用加速落地",
     "source_name": "解放日报"
   }
 ]',
 '[1,2,9]',
 'success',
 '2026-06-24 12:40:00',
 '2026-06-24 12:40:00');

SET FOREIGN_KEY_CHECKS = 1;

SELECT COUNT(*) AS user_count FROM `user`;
SELECT COUNT(*) AS news_category_count FROM `news_category`;
SELECT COUNT(*) AS news_topic_count FROM `news_topic`;
SELECT COUNT(*) AS news_count FROM `news`;
SELECT COUNT(*) AS news_comment_count FROM `news_comment`;
SELECT COUNT(*) AS hot_topic_count FROM `hot_topic`;
SELECT COUNT(*) AS event_timeline_count FROM `event_timeline`;
